{
    "products": [
        {
            "id": 1,
            "title": "千層蛋糕(7吋)",
            "price": 800,
            "image_tag": "images/1-1.jpg"
        },
        {
            "id": 2,
            "title": "巧克力千層蛋糕(7吋)",
            "price": 850,
            "image_tag": "images/2-1.jpg"
        },
        {
            "id": 3,
            "title": "巧克力千層蛋糕(切片)",
            "price": 90,
            "image_tag": "images/3-1.jpg"
        },
        {
            "id": 4,
            "title": "抹茶千層蛋糕(7吋)",
            "price": 850,
            "image_tag": "images/4-1.jpg"
        },
        {
            "id": 5,
            "title": "抹茶千層蛋糕(切片)",
            "price": 90,
            "image_tag": "images/5-1.jpg"
        },
        {
            "id": 6,
            "title": "巴斯克乳酪蛋糕(6吋)",
            "price": 500,
            "image_tag": "images/6-1.jpg"
        },
        {
            "id": 7,
            "title": "巧克力巴斯克乳酪蛋糕(6吋)",
            "price": 500,
            "image_tag": "images/7-1.jpg"
        },
        {
            "id": 8,
            "title": "曲奇餅乾單盒",
            "flavor": "原味、巧克力、抹茶、綜合",
            "price": 100,
            "image_tag": "images/9-1.jpg"
        },
        {
            "id": 9,
            "title": "雪球餅乾單盒",
            "price": 100,
            "image_tag": "images/8-1.jpg"
        },
        {
            "id": 10,
            "title": "馬林糖",
            "price": 50,
            "image_tag": "images/13-1.jpg"
        },
        {
            "id": 11,
            "title": "芋頭酥",
            "price": 30,
            "image_tag": "images/14-1.jpg"
        },
        {
            "id": 12,
            "title": "提拉米蘇",
            "price": 499,
            "image_tag": "images/15-1.jpg"
        }
    ]
}